<?xml version="1.0" encoding="ISO-8859-1"?>
<PropertiesTreeModel xmlns:xsi="http://www.w3.org/2001/XMLSchema-instance" xsi:noNamespaceSchemaLocation="PropertiesTreeModel.xsd">
	<Folder name="Root">
		<Primitive type="int">
			<name>k</name>
			<value><int>3</int></value>
			<description>Number of neighbors, whose distance is used to estimate the density.</description>
		</Primitive>
		<Primitive type="StringMatrix">
			<name>Points</name>
			<value>
				<StringMatrix>
					0, 390,	450,	420,	480,	100,	50,		170,	110,	75,		180,	250,	400;
					0, 60,	30,		90,		60,		250,	300,	300,	400,	450,	430,	370,	240;	
				</StringMatrix></value>
			<description>The List of Points used by LOF. First row is X-Coordinate, second row is Y-Coordinate. Values from 0 to 500 are possible.</description>
		</Primitive>
		<AnimationProperties type="SourceCodeProperties">
			<AnimationPropertyItem type="ColorPropertyItem">
				<name>highlightColor</name>
				<isEditable value="true" />
				<label>SourceHighlightColor</label>
				<value><Color>(135, 206, 255)</Color></value>
			</AnimationPropertyItem>
			<AnimationPropertyItem type="ColorPropertyItem">
				<name>contextColor</name>
				<isEditable value="true" />
				<label>SourceContextColor</label>
				<value><Color>(0, 0, 255)</Color></value>
			</AnimationPropertyItem>
			<AnimationPropertyItem type="IntegerPropertyItem">
				<name>depth</name>
				<isEditable value="false" />
				<label></label>
				<value><int>1</int></value>
			</AnimationPropertyItem>
			<AnimationPropertyItem type="IntegerPropertyItem">
				<name>indentation</name>
				<isEditable value="false" />
				<label></label>
				<value><int>1</int></value>
			</AnimationPropertyItem>
			<AnimationPropertyItem type="ColorPropertyItem">
				<name>color</name>
				<isEditable value="true" />
				<label>SourceColor</label>
				<value><Color>(0, 0, 0)</Color></value>
			</AnimationPropertyItem>
			<AnimationPropertyItem type="BooleanPropertyItem">
				<name>hidden</name>
				<isEditable value="false" />
				<label></label>
				<value><boolean value="false" /></value>
			</AnimationPropertyItem>
			<AnimationPropertyItem type="IntegerPropertyItem">
				<name>size</name>
				<isEditable value="false" />
				<label></label>
				<value><int>10</int></value>
			</AnimationPropertyItem>
			<AnimationPropertyItem type="StringPropertyItem">
				<name>name</name>
				<isEditable value="true" />
				<label></label>
				<value><String>SourceCode</String></value>
			</AnimationPropertyItem>
			<AnimationPropertyItem type="BooleanPropertyItem">
				<name>bold</name>
				<isEditable value="false" />
				<label></label>
				<value><boolean value="false" /></value>
			</AnimationPropertyItem>
			<AnimationPropertyItem type="IntegerPropertyItem">
				<name>row</name>
				<isEditable value="false" />
				<label></label>
				<value><int>1</int></value>
			</AnimationPropertyItem>
			<AnimationPropertyItem type="BooleanPropertyItem">
				<name>italic</name>
				<isEditable value="false" />
				<label></label>
				<value><boolean value="false" /></value>
			</AnimationPropertyItem>
			<AnimationPropertyItem type="FontPropertyItem">
				<name>font</name>
				<isEditable value="false" />
				<label></label>
				<value><Font>SansSerif</Font></value>
			</AnimationPropertyItem>
		</AnimationProperties>
		<AnimationProperties type="CircleProperties">
			<AnimationPropertyItem type="ColorPropertyItem">
				<name>fillColor</name>
				<isEditable value="true" />
				<label>PointsColor</label>
				<value><Color>(0, 255, 0)</Color></value>
			</AnimationPropertyItem>
			<AnimationPropertyItem type="IntegerPropertyItem">
				<name>depth</name>
				<isEditable value="false" />
				<label></label>
				<value><int>1</int></value>
			</AnimationPropertyItem>
			<AnimationPropertyItem type="ColorPropertyItem">
				<name>color</name>
				<isEditable value="false" />
				<label></label>
				<value><Color>(0, 0, 0)</Color></value>
			</AnimationPropertyItem>
			<AnimationPropertyItem type="BooleanPropertyItem">
				<name>hidden</name>
				<isEditable value="false" />
				<label></label>
				<value><boolean value="false" /></value>
			</AnimationPropertyItem>
			<AnimationPropertyItem type="StringPropertyItem">
				<name>name</name>
				<isEditable value="true" />
				<label></label>
				<value><String>CurrentPoint</String></value>
			</AnimationPropertyItem>
			<AnimationPropertyItem type="BooleanPropertyItem">
				<name>filled</name>
				<isEditable value="false" />
				<label></label>
				<value><boolean value="true" /></value>
			</AnimationPropertyItem>
		</AnimationProperties>
		<AnimationProperties type="CircleProperties">
			<AnimationPropertyItem type="ColorPropertyItem">
				<name>fillColor</name>
				<isEditable value="true" />
				<label>PointsColor</label>
				<value><Color>(0, 128, 128)</Color></value>
			</AnimationPropertyItem>
			<AnimationPropertyItem type="IntegerPropertyItem">
				<name>depth</name>
				<isEditable value="false" />
				<label></label>
				<value><int>1</int></value>
			</AnimationPropertyItem>
			<AnimationPropertyItem type="ColorPropertyItem">
				<name>color</name>
				<isEditable value="false" />
				<label></label>
				<value><Color>(0, 0, 0)</Color></value>
			</AnimationPropertyItem>
			<AnimationPropertyItem type="BooleanPropertyItem">
				<name>hidden</name>
				<isEditable value="false" />
				<label></label>
				<value><boolean value="false" /></value>
			</AnimationPropertyItem>
			<AnimationPropertyItem type="StringPropertyItem">
				<name>name</name>
				<isEditable value="true" />
				<label></label>
				<value><String>K-th Nearest Neighbor</String></value>
			</AnimationPropertyItem>
			<AnimationPropertyItem type="BooleanPropertyItem">
				<name>filled</name>
				<isEditable value="false" />
				<label></label>
				<value><boolean value="true" /></value>
			</AnimationPropertyItem>
		</AnimationProperties>
		<AnimationProperties type="CircleProperties">
			<AnimationPropertyItem type="ColorPropertyItem">
				<name>fillColor</name>
				<isEditable value="true" />
				<label>PointsColor</label>
				<value><Color>(0, 0, 0)</Color></value>
			</AnimationPropertyItem>
			<AnimationPropertyItem type="IntegerPropertyItem">
				<name>depth</name>
				<isEditable value="false" />
				<label></label>
				<value><int>1</int></value>
			</AnimationPropertyItem>
			<AnimationPropertyItem type="ColorPropertyItem">
				<name>color</name>
				<isEditable value="false" />
				<label></label>
				<value><Color>(0, 0, 0)</Color></value>
			</AnimationPropertyItem>
			<AnimationPropertyItem type="BooleanPropertyItem">
				<name>hidden</name>
				<isEditable value="false" />
				<label></label>
				<value><boolean value="false" /></value>
			</AnimationPropertyItem>
			<AnimationPropertyItem type="StringPropertyItem">
				<name>name</name>
				<isEditable value="true" />
				<label></label>
				<value><String>Points</String></value>
			</AnimationPropertyItem>
			<AnimationPropertyItem type="BooleanPropertyItem">
				<name>filled</name>
				<isEditable value="false" />
				<label></label>
				<value><boolean value="true" /></value>
			</AnimationPropertyItem>
		</AnimationProperties>
		<AnimationProperties type="CircleProperties">
			<AnimationPropertyItem type="ColorPropertyItem">
				<name>fillColor</name>
				<isEditable value="true" />
				<label>NearPointColor</label>
				<value><Color>(0, 255, 255)</Color></value>
			</AnimationPropertyItem>
			<AnimationPropertyItem type="IntegerPropertyItem">
				<name>depth</name>
				<isEditable value="false" />
				<label></label>
				<value><int>1</int></value>
			</AnimationPropertyItem>
			<AnimationPropertyItem type="ColorPropertyItem">
				<name>color</name>
				<isEditable value="false" />
				<label></label>
				<value><Color>(0, 0, 0)</Color></value>
			</AnimationPropertyItem>
			<AnimationPropertyItem type="BooleanPropertyItem">
				<name>hidden</name>
				<isEditable value="false" />
				<label></label>
				<value><boolean value="false" /></value>
			</AnimationPropertyItem>
			<AnimationPropertyItem type="StringPropertyItem">
				<name>name</name>
				<isEditable value="true" />
				<label></label>
				<value><String>NearPoints</String></value>
			</AnimationPropertyItem>
			<AnimationPropertyItem type="BooleanPropertyItem">
				<name>filled</name>
				<isEditable value="true" />
				<label></label>
				<value><boolean value="true" /></value>
			</AnimationPropertyItem>
		</AnimationProperties>
		<AnimationProperties type="PolylineProperties">
			<AnimationPropertyItem type="IntegerPropertyItem">
				<name>depth</name>
				<isEditable value="false" />
				<label></label>
				<value><int>1</int></value>
			</AnimationPropertyItem>
			<AnimationPropertyItem type="ColorPropertyItem">
				<name>color</name>
				<isEditable value="true" />
				<label>DistanceColor</label>
				<value><Color>(176, 0, 176)</Color></value>
			</AnimationPropertyItem>
			<AnimationPropertyItem type="BooleanPropertyItem">
				<name>hidden</name>
				<isEditable value="false" />
				<label></label>
				<value><boolean value="false" /></value>
			</AnimationPropertyItem>
			<AnimationPropertyItem type="StringPropertyItem">
				<name>name</name>
				<isEditable value="true" />
				<label></label>
				<value><String>Distance</String></value>
			</AnimationPropertyItem>
			<AnimationPropertyItem type="BooleanPropertyItem">
				<name>bwArrow</name>
				<isEditable value="false" />
				<label></label>
				<value><boolean value="false" /></value>
			</AnimationPropertyItem>
			<AnimationPropertyItem type="BooleanPropertyItem">
				<name>fwArrow</name>
				<isEditable value="false" />
				<label></label>
				<value><boolean value="false" /></value>
			</AnimationPropertyItem>
		</AnimationProperties>
		<AnimationProperties type="CircleProperties">
			<AnimationPropertyItem type="ColorPropertyItem">
				<name>fillColor</name>
				<isEditable value="false" />
				<label></label>
				<value><Color>(0, 0, 0)</Color></value>
			</AnimationPropertyItem>
			<AnimationPropertyItem type="IntegerPropertyItem">
				<name>depth</name>
				<isEditable value="false" />
				<label></label>
				<value><int>1</int></value>
			</AnimationPropertyItem>
			<AnimationPropertyItem type="ColorPropertyItem">
				<name>color</name>
				<isEditable value="true" />
				<label>LOF-RingColor</label>
				<value><Color>(255, 0, 0)</Color></value>
			</AnimationPropertyItem>
			<AnimationPropertyItem type="BooleanPropertyItem">
				<name>hidden</name>
				<isEditable value="false" />
				<label></label>
				<value><boolean value="false" /></value>
			</AnimationPropertyItem>
			<AnimationPropertyItem type="StringPropertyItem">
				<name>name</name>
				<isEditable value="true" />
				<label></label>
				<value><String>LOF-Ring</String></value>
			</AnimationPropertyItem>
			<AnimationPropertyItem type="BooleanPropertyItem">
				<name>filled</name>
				<isEditable value="false" />
				<label></label>
				<value><boolean value="false" /></value>
			</AnimationPropertyItem>
		</AnimationProperties>
		<AnimationProperties type="CircleProperties">
			<AnimationPropertyItem type="ColorPropertyItem">
				<name>fillColor</name>
				<isEditable value="false" />
				<label></label>
				<value><Color>(0, 0, 0)</Color></value>
			</AnimationPropertyItem>
			<AnimationPropertyItem type="IntegerPropertyItem">
				<name>depth</name>
				<isEditable value="false" />
				<label></label>
				<value><int>1</int></value>
			</AnimationPropertyItem>
			<AnimationPropertyItem type="ColorPropertyItem">
				<name>color</name>
				<isEditable value="true" />
				<label>KDST-RingColor</label>
				<value><Color>(0, 0, 0)</Color></value>
			</AnimationPropertyItem>
			<AnimationPropertyItem type="BooleanPropertyItem">
				<name>hidden</name>
				<isEditable value="false" />
				<label></label>
				<value><boolean value="false" /></value>
			</AnimationPropertyItem>
			<AnimationPropertyItem type="StringPropertyItem">
				<name>name</name>
				<isEditable value="true" />
				<label></label>
				<value><String>KDST-Ring</String></value>
			</AnimationPropertyItem>
			<AnimationPropertyItem type="BooleanPropertyItem">
				<name>filled</name>
				<isEditable value="false" />
				<label></label>
				<value><boolean value="false" /></value>
			</AnimationPropertyItem>
		</AnimationProperties>
		<AnimationProperties type="CircleProperties">
			<AnimationPropertyItem type="ColorPropertyItem">
				<name>fillColor</name>
				<isEditable value="true" />
				<label>Strict Inlier Color</label>
				<value><Color>(255, 251, 0)</Color></value>
			</AnimationPropertyItem>
			<AnimationPropertyItem type="IntegerPropertyItem">
				<name>depth</name>
				<isEditable value="false" />
				<label></label>
				<value><int>1</int></value>
			</AnimationPropertyItem>
			<AnimationPropertyItem type="ColorPropertyItem">
				<name>color</name>
				<isEditable value="false" />
				<label></label>
				<value><Color>(0, 0, 0)</Color></value>
			</AnimationPropertyItem>
			<AnimationPropertyItem type="BooleanPropertyItem">
				<name>hidden</name>
				<isEditable value="false" />
				<label></label>
				<value><boolean value="false" /></value>
			</AnimationPropertyItem>
			<AnimationPropertyItem type="StringPropertyItem">
				<name>name</name>
				<isEditable value="true" />
				<label></label>
				<value><String>Strict Inlier</String></value>
			</AnimationPropertyItem>
			<AnimationPropertyItem type="BooleanPropertyItem">
				<name>filled</name>
				<isEditable value="false" />
				<label></label>
				<value><boolean value="false" /></value>
			</AnimationPropertyItem>
		</AnimationProperties>
		<AnimationProperties type="CircleProperties">
			<AnimationPropertyItem type="ColorPropertyItem">
				<name>fillColor</name>
				<isEditable value="true" />
				<label>InlierColor</label>
				<value><Color>(0, 255, 247)</Color></value>
			</AnimationPropertyItem>
			<AnimationPropertyItem type="IntegerPropertyItem">
				<name>depth</name>
				<isEditable value="false" />
				<label></label>
				<value><int>1</int></value>
			</AnimationPropertyItem>
			<AnimationPropertyItem type="ColorPropertyItem">
				<name>color</name>
				<isEditable value="false" />
				<label></label>
				<value><Color>(0, 0, 0)</Color></value>
			</AnimationPropertyItem>
			<AnimationPropertyItem type="BooleanPropertyItem">
				<name>hidden</name>
				<isEditable value="false" />
				<label></label>
				<value><boolean value="false" /></value>
			</AnimationPropertyItem>
			<AnimationPropertyItem type="StringPropertyItem">
				<name>name</name>
				<isEditable value="true" />
				<label></label>
				<value><String>Inlier</String></value>
			</AnimationPropertyItem>
			<AnimationPropertyItem type="BooleanPropertyItem">
				<name>filled</name>
				<isEditable value="false" />
				<label></label>
				<value><boolean value="false" /></value>
			</AnimationPropertyItem>
		</AnimationProperties>
		<AnimationProperties type="CircleProperties">
			<AnimationPropertyItem type="ColorPropertyItem">
				<name>fillColor</name>
				<isEditable value="true" />
				<label>OutlierColor</label>
				<value><Color>(255, 0, 132)</Color></value>
			</AnimationPropertyItem>
			<AnimationPropertyItem type="IntegerPropertyItem">
				<name>depth</name>
				<isEditable value="false" />
				<label></label>
				<value><int>1</int></value>
			</AnimationPropertyItem>
			<AnimationPropertyItem type="ColorPropertyItem">
				<name>color</name>
				<isEditable value="false" />
				<label></label>
				<value><Color>(0, 0, 0)</Color></value>
			</AnimationPropertyItem>
			<AnimationPropertyItem type="BooleanPropertyItem">
				<name>hidden</name>
				<isEditable value="false" />
				<label></label>
				<value><boolean value="false" /></value>
			</AnimationPropertyItem>
			<AnimationPropertyItem type="StringPropertyItem">
				<name>name</name>
				<isEditable value="true" />
				<label></label>
				<value><String>Outlier</String></value>
			</AnimationPropertyItem>
			<AnimationPropertyItem type="BooleanPropertyItem">
				<name>filled</name>
				<isEditable value="false" />
				<label></label>
				<value><boolean value="false" /></value>
			</AnimationPropertyItem>
		</AnimationProperties>
	</Folder>
</PropertiesTreeModel>