<?xml version="1.0" encoding="ISO-8859-1"?>
<PropertiesTreeModel xmlns:xsi="http://www.w3.org/2001/XMLSchema-instance" xsi:noNamespaceSchemaLocation="PropertiesTreeModel.xsd">
	<Folder name="Root">
		<Primitive type="StringArray">
			<name>Queues</name>
			<value><StringArray>RR, FIFO, FIFO, RR</StringArray></value>
			<description>Type (FIFO, RR) and amount of queues</description>
		</Primitive>
		<Primitive type="StringMatrix">
			<name>Processes</name>
			<value><StringMatrix>A, 0, 2, 0; B, 1, 3, 1; C, 0, 4, 2; D, 1, 5, 3; E, 2, 4, 4; F, 3, 3, 5</StringMatrix></value>
			<description>ProcessID, QUEUE, WORK, TIME</description>
		</Primitive>
		<AnimationProperties type="MatrixProperties">
			<AnimationPropertyItem type="ColorPropertyItem">
				<name>cellHighlight</name>
				<isEditable value="true" />
				<label></label>
				<value><Color>(0, 255, 0)</Color></value>
			</AnimationPropertyItem>
			<AnimationPropertyItem type="ColorPropertyItem">
				<name>borderColor</name>
				<isEditable value="false" />
				<label></label>
				<value><Color>(0, 0, 0)</Color></value>
			</AnimationPropertyItem>
			<AnimationPropertyItem type="ColorPropertyItem">
				<name>color</name>
				<isEditable value="true" />
				<label></label>
				<value><Color>(0, 0, 0)</Color></value>
			</AnimationPropertyItem>
			<AnimationPropertyItem type="BooleanPropertyItem">
				<name>hidden</name>
				<isEditable value="false" />
				<label></label>
				<value><boolean value="false" /></value>
			</AnimationPropertyItem>
			<AnimationPropertyItem type="BooleanPropertyItem">
				<name>filled</name>
				<isEditable value="false" />
				<label></label>
				<value><boolean value="false" /></value>
			</AnimationPropertyItem>
			<AnimationPropertyItem type="EnumerationPropertyItem">
				<name>align</name>
				<isEditable value="false" />
				<label></label>
				<value><Enumeration>left, left, center, right</Enumeration></value>
			</AnimationPropertyItem>
			<AnimationPropertyItem type="ColorPropertyItem">
				<name>elementColor</name>
				<isEditable value="true" />
				<label></label>
				<value><Color>(0, 0, 0)</Color></value>
			</AnimationPropertyItem>
			<AnimationPropertyItem type="ColorPropertyItem">
				<name>fillColor</name>
				<isEditable value="true" />
				<label></label>
				<value><Color>(255, 255, 255)</Color></value>
			</AnimationPropertyItem>
			<AnimationPropertyItem type="ColorPropertyItem">
				<name>highlightBorderColor</name>
				<isEditable value="false" />
				<label></label>
				<value><Color>(0, 0, 0)</Color></value>
			</AnimationPropertyItem>
			<AnimationPropertyItem type="IntegerPropertyItem">
				<name>depth</name>
				<isEditable value="false" />
				<label></label>
				<value><int>1</int></value>
			</AnimationPropertyItem>
			<AnimationPropertyItem type="IntegerPropertyItem">
				<name>cellheight</name>
				<isEditable value="false" />
				<label></label>
				<value><int>-1</int></value>
			</AnimationPropertyItem>
			<AnimationPropertyItem type="StringPropertyItem">
				<name>name</name>
				<isEditable value="true" />
				<label></label>
				<value><String>ProcessTable</String></value>
			</AnimationPropertyItem>
			<AnimationPropertyItem type="EnumerationPropertyItem">
				<name>style</name>
				<isEditable value="true" />
				<label></label>
				<value><Enumeration>plain, plain, matrix, table</Enumeration></value>
			</AnimationPropertyItem>
			<AnimationPropertyItem type="IntegerPropertyItem">
				<name>cellwidth</name>
				<isEditable value="false" />
				<label></label>
				<value><int>-1</int></value>
			</AnimationPropertyItem>
			<AnimationPropertyItem type="FontPropertyItem">
				<name>font</name>
				<isEditable value="true" />
				<label></label>
				<value><Font>SansSerif</Font></value>
			</AnimationPropertyItem>
			<AnimationPropertyItem type="ColorPropertyItem">
				<name>elemHighlight</name>
				<isEditable value="true" />
				<label></label>
				<value><Color>(255, 0, 0)</Color></value>
			</AnimationPropertyItem>
		</AnimationProperties>
		<AnimationProperties type="ArrayProperties">
			<AnimationPropertyItem type="ColorPropertyItem">
				<name>fillColor</name>
				<isEditable value="true" />
				<label></label>
				<value><Color>(255, 255, 255)</Color></value>
			</AnimationPropertyItem>
			<AnimationPropertyItem type="ColorPropertyItem">
				<name>cellHighlight</name>
				<isEditable value="true" />
				<label></label>
				<value><Color>(0, 255, 0)</Color></value>
			</AnimationPropertyItem>
			<AnimationPropertyItem type="IntegerPropertyItem">
				<name>depth</name>
				<isEditable value="false" />
				<label></label>
				<value><int>1</int></value>
			</AnimationPropertyItem>
			<AnimationPropertyItem type="ColorPropertyItem">
				<name>color</name>
				<isEditable value="true" />
				<label></label>
				<value><Color>(0, 0, 0)</Color></value>
			</AnimationPropertyItem>
			<AnimationPropertyItem type="BooleanPropertyItem">
				<name>hidden</name>
				<isEditable value="false" />
				<label></label>
				<value><boolean value="false" /></value>
			</AnimationPropertyItem>
			<AnimationPropertyItem type="StringPropertyItem">
				<name>name</name>
				<isEditable value="true" />
				<label></label>
				<value><String>QueueTable</String></value>
			</AnimationPropertyItem>
			<AnimationPropertyItem type="BooleanPropertyItem">
				<name>filled</name>
				<isEditable value="false" />
				<label></label>
				<value><boolean value="false" /></value>
			</AnimationPropertyItem>
			<AnimationPropertyItem type="BooleanPropertyItem">
				<name>vertical</name>
				<isEditable value="false" />
				<label></label>
				<value><boolean value="false" /></value>
			</AnimationPropertyItem>
			<AnimationPropertyItem type="ColorPropertyItem">
				<name>elementColor</name>
				<isEditable value="true" />
				<label></label>
				<value><Color>(0, 0, 0)</Color></value>
			</AnimationPropertyItem>
			<AnimationPropertyItem type="BooleanPropertyItem">
				<name>cascaded</name>
				<isEditable value="false" />
				<label></label>
				<value><boolean value="false" /></value>
			</AnimationPropertyItem>
			<AnimationPropertyItem type="FontPropertyItem">
				<name>font</name>
				<isEditable value="true" />
				<label></label>
				<value><Font>SansSerif</Font></value>
			</AnimationPropertyItem>
			<AnimationPropertyItem type="ColorPropertyItem">
				<name>elemHighlight</name>
				<isEditable value="true" />
				<label></label>
				<value><Color>(0, 255, 0)</Color></value>
			</AnimationPropertyItem>
		</AnimationProperties>
		<Primitive type="Color">
			<name>HighlightColor</name>
			<value><Color>(0, 255, 255)</Color></value>
			<description>Highlight color for source-code.</description>
		</Primitive>
	</Folder>
</PropertiesTreeModel>