<?xml version="1.0" encoding="ISO-8859-1"?>
<PropertiesTreeModel xmlns:xsi="http://www.w3.org/2001/XMLSchema-instance"
                     xsi:noNamespaceSchemaLocation="PropertiesTreeModel.xsd">
    <Folder name="Root">
        <AnimationProperties type="MatrixProperties">
            <AnimationPropertyItem type="ColorPropertyItem">
                <name>cellHighlight</name>
                <isEditable value="true"/>
                <label></label>
                <value>
                    <Color>(255, 255, 0)</Color>
                </value>
            </AnimationPropertyItem>
            <AnimationPropertyItem type="ColorPropertyItem">
                <name>color</name>
                <isEditable value="true"/>
                <label></label>
                <value>
                    <Color>(0, 0, 0)</Color>
                </value>
            </AnimationPropertyItem>
            <AnimationPropertyItem type="BooleanPropertyItem">
                <name>hidden</name>
                <isEditable value="true"/>
                <label></label>
                <value>
                    <boolean value="false"/>
                </value>
            </AnimationPropertyItem>
            <AnimationPropertyItem type="BooleanPropertyItem">
                <name>filled</name>
                <isEditable value="true"/>
                <label></label>
                <value>
                    <boolean value="true"/>
                </value>
            </AnimationPropertyItem>
            <AnimationPropertyItem type="EnumerationPropertyItem">
                <name>align</name>
                <isEditable value="true"/>
                <label></label>
                <value>
                    <Enumeration>center, left, center, right</Enumeration>
                </value>
            </AnimationPropertyItem>
            <AnimationPropertyItem type="ColorPropertyItem">
                <name>elementColor</name>
                <isEditable value="true"/>
                <label></label>
                <value>
                    <Color>(0, 0, 0)</Color>
                </value>
            </AnimationPropertyItem>
            <AnimationPropertyItem type="ColorPropertyItem">
                <name>fillColor</name>
                <isEditable value="true"/>
                <label></label>
                <value>
                    <Color>(255, 255, 255)</Color>
                </value>
            </AnimationPropertyItem>
            <AnimationPropertyItem type="IntegerPropertyItem">
                <name>depth</name>
                <isEditable value="true"/>
                <label></label>
                <value>
                    <int>1</int>
                </value>
            </AnimationPropertyItem>
            <AnimationPropertyItem type="IntegerPropertyItem">
                <name>cellheight</name>
                <isEditable value="true"/>
                <label></label>
                <value>
                    <int>-1</int>
                </value>
            </AnimationPropertyItem>
            <AnimationPropertyItem type="StringPropertyItem">
                <name>name</name>
                <isEditable value="true"/>
                <label></label>
                <value>
                    <String>matrixProps</String>
                </value>
            </AnimationPropertyItem>
            <AnimationPropertyItem type="EnumerationPropertyItem">
                <name>style</name>
                <isEditable value="true"/>
                <label></label>
                <value>
                    <Enumeration>plain, plain, matrix, table</Enumeration>
                </value>
            </AnimationPropertyItem>
            <AnimationPropertyItem type="IntegerPropertyItem">
                <name>cellwidth</name>
                <isEditable value="true"/>
                <label></label>
                <value>
                    <int>-1</int>
                </value>
            </AnimationPropertyItem>
            <AnimationPropertyItem type="FontPropertyItem">
                <name>font</name>
                <isEditable value="true"/>
                <label></label>
                <value>
                    <Font>SansSerif</Font>
                </value>
            </AnimationPropertyItem>
            <AnimationPropertyItem type="ColorPropertyItem">
                <name>elemHighlight</name>
                <isEditable value="true"/>
                <label></label>
                <value>
                    <Color>(255, 0, 0)</Color>
                </value>
            </AnimationPropertyItem>
        </AnimationProperties>
        <AnimationProperties type="SourceCodeProperties">
            <AnimationPropertyItem type="ColorPropertyItem">
                <name>highlightColor</name>
                <isEditable value="true"/>
                <label></label>
                <value>
                    <Color>(255, 0, 0)</Color>
                </value>
            </AnimationPropertyItem>
            <AnimationPropertyItem type="ColorPropertyItem">
                <name>contextColor</name>
                <isEditable value="true"/>
                <label></label>
                <value>
                    <Color>(0, 0, 255)</Color>
                </value>
            </AnimationPropertyItem>
            <AnimationPropertyItem type="IntegerPropertyItem">
                <name>depth</name>
                <isEditable value="true"/>
                <label></label>
                <value>
                    <int>1</int>
                </value>
            </AnimationPropertyItem>
            <AnimationPropertyItem type="IntegerPropertyItem">
                <name>indentation</name>
                <isEditable value="true"/>
                <label></label>
                <value>
                    <int>1</int>
                </value>
            </AnimationPropertyItem>
            <AnimationPropertyItem type="ColorPropertyItem">
                <name>color</name>
                <isEditable value="true"/>
                <label></label>
                <value>
                    <Color>(0, 0, 0)</Color>
                </value>
            </AnimationPropertyItem>
            <AnimationPropertyItem type="BooleanPropertyItem">
                <name>hidden</name>
                <isEditable value="true"/>
                <label></label>
                <value>
                    <boolean value="false"/>
                </value>
            </AnimationPropertyItem>
            <AnimationPropertyItem type="IntegerPropertyItem">
                <name>size</name>
                <isEditable value="true"/>
                <label></label>
                <value>
                    <int>12</int>
                </value>
            </AnimationPropertyItem>
            <AnimationPropertyItem type="StringPropertyItem">
                <name>name</name>
                <isEditable value="true"/>
                <label></label>
                <value>
                    <String>pseudoCodeProps</String>
                </value>
            </AnimationPropertyItem>
            <AnimationPropertyItem type="BooleanPropertyItem">
                <name>bold</name>
                <isEditable value="true"/>
                <label></label>
                <value>
                    <boolean value="false"/>
                </value>
            </AnimationPropertyItem>
            <AnimationPropertyItem type="IntegerPropertyItem">
                <name>row</name>
                <isEditable value="true"/>
                <label></label>
                <value>
                    <int>1</int>
                </value>
            </AnimationPropertyItem>
            <AnimationPropertyItem type="BooleanPropertyItem">
                <name>italic</name>
                <isEditable value="true"/>
                <label></label>
                <value>
                    <boolean value="false"/>
                </value>
            </AnimationPropertyItem>
            <AnimationPropertyItem type="FontPropertyItem">
                <name>font</name>
                <isEditable value="true"/>
                <label></label>
                <value>
                    <Font>Monospaced</Font>
                </value>
            </AnimationPropertyItem>
        </AnimationProperties>
        <AnimationProperties type="SourceCodeProperties">
            <AnimationPropertyItem type="ColorPropertyItem">
                <name>highlightColor</name>
                <isEditable value="true"/>
                <label></label>
                <value>
                    <Color>(255, 0, 0)</Color>
                </value>
            </AnimationPropertyItem>
            <AnimationPropertyItem type="ColorPropertyItem">
                <name>contextColor</name>
                <isEditable value="true"/>
                <label></label>
                <value>
                    <Color>(0, 0, 255)</Color>
                </value>
            </AnimationPropertyItem>
            <AnimationPropertyItem type="IntegerPropertyItem">
                <name>depth</name>
                <isEditable value="true"/>
                <label></label>
                <value>
                    <int>1</int>
                </value>
            </AnimationPropertyItem>
            <AnimationPropertyItem type="IntegerPropertyItem">
                <name>indentation</name>
                <isEditable value="true"/>
                <label></label>
                <value>
                    <int>1</int>
                </value>
            </AnimationPropertyItem>
            <AnimationPropertyItem type="ColorPropertyItem">
                <name>color</name>
                <isEditable value="true"/>
                <label></label>
                <value>
                    <Color>(0, 0, 0)</Color>
                </value>
            </AnimationPropertyItem>
            <AnimationPropertyItem type="BooleanPropertyItem">
                <name>hidden</name>
                <isEditable value="true"/>
                <label></label>
                <value>
                    <boolean value="false"/>
                </value>
            </AnimationPropertyItem>
            <AnimationPropertyItem type="IntegerPropertyItem">
                <name>size</name>
                <isEditable value="true"/>
                <label></label>
                <value>
                    <int>12</int>
                </value>
            </AnimationPropertyItem>
            <AnimationPropertyItem type="StringPropertyItem">
                <name>name</name>
                <isEditable value="true"/>
                <label></label>
                <value>
                    <String>explanationProps</String>
                </value>
            </AnimationPropertyItem>
            <AnimationPropertyItem type="BooleanPropertyItem">
                <name>bold</name>
                <isEditable value="true"/>
                <label></label>
                <value>
                    <boolean value="false"/>
                </value>
            </AnimationPropertyItem>
            <AnimationPropertyItem type="IntegerPropertyItem">
                <name>row</name>
                <isEditable value="true"/>
                <label></label>
                <value>
                    <int>1</int>
                </value>
            </AnimationPropertyItem>
            <AnimationPropertyItem type="BooleanPropertyItem">
                <name>italic</name>
                <isEditable value="true"/>
                <label></label>
                <value>
                    <boolean value="false"/>
                </value>
            </AnimationPropertyItem>
            <AnimationPropertyItem type="FontPropertyItem">
                <name>font</name>
                <isEditable value="true"/>
                <label></label>
                <value>
                    <Font>SansSerif</Font>
                </value>
            </AnimationPropertyItem>
        </AnimationProperties>
        <Primitive type="StringMatrix">
            <name>trainingSet</name>
            <value>
                <StringMatrix>sunny, hot, normal, strong, warm, same, yes; sunny, hot, high, strong, warm, same, yes;
                    rainy, cool, high, strong, warm, change, no; sunny, hot, high, strong, cool, change, yes
                </StringMatrix>
            </value>
        </Primitive>
        <Primitive type="int">
            <name>classIndex</name>
            <value>
                <int>6</int>
            </value>
        </Primitive>
        <Primitive type="int">
            <name>stepDelay</name>
            <value>
                <int>-1</int>
            </value>
        </Primitive>
        <Primitive type="String">
            <name>posClass</name>
            <value>
                <String>yes</String>
            </value>
        </Primitive>
        <Primitive type="String">
            <name>negClass</name>
            <value>
                <String>no</String>
            </value>
        </Primitive>
    </Folder>
</PropertiesTreeModel>